<?xml version="1.0" encoding="UTF-8"?>
<c3p0-config>
  <default-config>   
    <property name="driverClass">com.mysql.jdbc.Driver</property>
	<property name="jdbcUrl">
   		 <![CDATA[jdbc:mysql://localhost:3306/Property_management_system?useUnicode=true&characterEncoding=UTF-8]]>
    </property>
    <property name="user">root</property>
    <property name="password">123456</property>
    <!-- 初始化池大小 -->
		<property name="initialPoolSize">10</property>
		<!-- 最大空闲时间 -->
		<property name="maxIdleTime">60</property>
		<!-- 最多有多少个连接 -->
		<property name="maxPoolSize">100</property>
		<!-- 最少几个连接 -->
		<property name="minPoolSize">5</property>
		<!-- 每次最多可以执行多少个批处理语句 -->
		<property name="maxStatements">50</property>
  </default-config>
  <named-config name="BarryLee">
  <property name="driverClass">com.mysql.jdbc.Driver</property>
  <property name="jdbcUrl">jdbc:mysql://127.0.0.1:3306/Property_managerment_system</property>
  <property name="user">root</property>
  <property name="password">123456</property>
  <property name="acquireIncrement">5</property><!-- 如果池中数据连接不够时一次增长多少个 -->
  <property name="initialPoolSize">100</property>
  <property name="minPoolSize">50</property>
  <property name="maxPoolSize">1000</property>
  <property name="maxStatements">0</property>
  <property name="maxStatementsPerConnection">5</property> <!-- he's important, but there's only one of him -->
 </named-config>
</c3p0-config>